t_s,mode,target_rad_s,speed_rad_s,u,u_unsaturated
0.0893,coast,6.2800,0.0000,0.0000,0.0000
0.0914,pi,6.2800,0.0000,-0.1272,-0.1272
0.0963,pi,6.2800,0.0000,-0.1287,-0.1287
0.1002,pi,6.2800,0.0000,-0.1303,-0.1303
0.1045,pi,6.2800,0.0000,-0.1319,-0.1319
0.1088,pi,6.2800,0.0000,-0.1335,-0.1335
0.1127,pi,6.2800,0.0000,-0.1350,-0.1350
0.1166,pi,6.2800,0.0000,-0.1366,-0.1366
0.1205,pi,6.2800,0.0630,-0.1369,-0.1369
0.1245,pi,6.2800,0.2168,-0.1353,-0.1353
0.1285,pi,6.2800,0.4248,-0.1326,-0.1326
0.1327,pi,6.2800,0.6903,-0.1287,-0.1287
0.1368,pi,6.2800,0.9172,-0.1255,-0.1255
0.1408,pi,6.2800,1.2382,-0.1204,-0.1204
0.1448,pi,6.2800,1.5936,-0.1144,-0.1144
0.1487,pi,6.2800,1.9140,-0.1091,-0.1091
0.1526,pi,6.2800,2.2627,-0.1031,-0.1031
0.1567,pi,6.2800,2.6336,-0.0966,-0.0966
0.1607,pi,6.2800,3.0218,-0.0897,-0.0897
0.1646,pi,6.2800,3.3767,-0.0833,-0.0833
0.1686,pi,6.2800,3.6610,-0.0783,-0.0783
0.1729,pi,6.2800,3.8839,-0.0744,-0.0744
0.1780,pi,6.2800,4.1116,-0.0704,-0.0704
0.1829,pi,6.2800,4.2943,-0.0673,-0.0673
0.1883,pi,6.2800,4.4412,-0.0648,-0.0648
0.1931,pi,6.2800,4.5577,-0.0629,-0.0629
0.1981,pi,6.2800,4.6007,-0.0624,-0.0624
0.2030,pi,6.2800,4.6355,-0.0622,-0.0622
0.2078,pi,6.2800,4.6222,-0.0628,-0.0628
0.2129,pi,6.2800,4.6122,-0.0635,-0.0635
0.2179,pi,6.2800,4.6038,-0.0640,-0.0640
0.2229,pi,6.2800,4.5513,-0.0655,-0.0655
0.2281,pi,6.2800,4.5099,-0.0668,-0.0668
0.2329,pi,6.2800,4.4118,-0.0692,-0.0692
0.2379,pi,6.2800,4.3522,-0.0709,-0.0709
0.2430,pi,6.2800,4.3043,-0.0724,-0.0724
0.2479,pi,6.2800,4.2208,-0.0745,-0.0745
0.2529,pi,6.2800,4.1996,-0.0755,-0.0755
0.2579,pi,6.2800,4.1822,-0.0764,-0.0764
0.2629,pi,6.2800,4.1498,-0.0775,-0.0775
0.2679,pi,6.2800,4.1424,-0.0782,-0.0782
0.2730,pi,6.2800,4.1683,-0.0782,-0.0782
0.2779,pi,6.2800,4.1890,-0.0783,-0.0783
0.2829,pi,6.2800,4.2192,-0.0782,-0.0782
0.2879,pi,6.2800,4.2894,-0.0773,-0.0773
0.2929,pi,6.2800,4.2996,-0.0776,-0.0776
0.2979,pi,6.2800,4.3083,-0.0780,-0.0780
0.3029,pi,6.2800,4.3607,-0.0774,-0.0774
0.3080,pi,6.2800,4.3427,-0.0782,-0.0782
0.3129,pi,6.2800,4.3426,-0.0787,-0.0787
0.3179,pi,6.2800,4.3789,-0.0785,-0.0785
0.3229,pi,6.2800,4.3712,-0.0791,-0.0791
0.3279,pi,6.2800,4.3656,-0.0797,-0.0797
0.3329,pi,6.2800,4.3607,-0.0803,-0.0803
0.3380,pi,6.2800,4.2928,-0.0821,-0.0821
0.3429,pi,6.2800,4.2566,-0.0833,-0.0833
0.3480,pi,6.2800,4.2597,-0.0838,-0.0838
0.3529,pi,6.2800,4.2623,-0.0842,-0.0842
0.3580,pi,6.2800,4.2318,-0.0854,-0.0854
0.3629,pi,6.2800,4.2399,-0.0857,-0.0857
0.3679,pi,6.2800,4.2603,-0.0858,-0.0858
0.3729,pi,6.2800,4.2765,-0.0860,-0.0860
0.3780,pi,6.2800,4.2756,-0.0865,-0.0865
0.3829,pi,6.2800,4.2748,-0.0870,-0.0870
0.3879,pi,6.2800,4.2881,-0.0873,-0.0873
0.3929,pi,6.2800,4.3444,-0.0866,-0.0866
0.3979,pi,6.2800,4.3802,-0.0864,-0.0864
0.4029,pi,6.2800,4.4090,-0.0863,-0.0863
0.4079,pi,6.2800,4.4411,-0.0861,-0.0861
0.4129,pi,6.2800,4.5129,-0.0851,-0.0851
0.4179,pi,6.2800,4.5653,-0.0845,-0.0845
0.4229,pi,6.2800,4.6073,-0.0840,-0.0840
0.4279,pi,6.2800,4.5999,-0.0846,-0.0846
0.4329,pi,6.2800,4.6394,-0.0842,-0.0842
0.4379,pi,6.2800,4.6665,-0.0841,-0.0841
0.4429,pi,6.2800,4.6883,-0.0841,-0.0841
0.4479,pi,6.2800,4.7103,-0.0840,-0.0840
0.4529,pi,6.2800,4.7232,-0.0841,-0.0841
0.4579,pi,6.2800,4.7336,-0.0843,-0.0843
0.4629,pi,6.2800,4.7419,-0.0845,-0.0845
0.4679,pi,6.2800,4.7532,-0.0847,-0.0847
0.4729,pi,6.2800,4.7071,-0.0860,-0.0860
0.4779,pi,6.2800,4.7204,-0.0861,-0.0861
0.4829,pi,6.2800,4.7357,-0.0862,-0.0862
0.4880,pi,6.2800,4.7435,-0.0864,-0.0864
0.4929,pi,6.2800,4.7496,-0.0867,-0.0867
0.4979,pi,6.2800,4.7544,-0.0870,-0.0870
0.5029,pi,6.2800,4.7583,-0.0873,-0.0873
0.5079,pi,6.2800,4.7614,-0.0876,-0.0876
0.5129,pi,6.2800,4.7639,-0.0879,-0.0879
0.5179,pi,6.2800,4.7658,-0.0883,-0.0883
0.5229,pi,6.2800,4.8179,-0.0876,-0.0876
0.5279,pi,6.2800,4.8599,-0.0871,-0.0871
0.5330,pi,6.2800,4.8931,-0.0868,-0.0868
0.5379,pi,6.2800,4.9197,-0.0866,-0.0866
0.5429,pi,6.2800,4.9410,-0.0865,-0.0865
0.5480,pi,6.2800,4.9580,-0.0865,-0.0865
0.5529,pi,6.2800,4.9717,-0.0866,-0.0866
0.5579,pi,6.2800,4.9827,-0.0867,-0.0867
0.5629,pi,6.2800,4.9915,-0.0868,-0.0868
0.5680,pi,6.2800,4.9983,-0.0870,-0.0870
0.5729,pi,6.2800,5.0038,-0.0872,-0.0872
0.5779,pi,6.2800,5.0080,-0.0874,-0.0874
0.5829,pi,6.2800,5.0113,-0.0877,-0.0877
0.5879,pi,6.2800,5.0145,-0.0879,-0.0879
0.5929,pi,6.2800,5.0169,-0.0882,-0.0882
0.5980,pi,6.2800,4.9685,-0.0895,-0.0895
0.6031,pi,6.2800,4.9294,-0.0906,-0.0906
0.6080,pi,6.2800,4.8981,-0.0916,-0.0916
0.6129,pi,6.2800,4.8782,-0.0923,-0.0923
0.6181,pi,6.2800,4.8620,-0.0930,-0.0930
0.6229,pi,6.2800,4.8493,-0.0936,-0.0936
0.6280,pi,6.2800,4.8394,-0.0942,-0.0942
0.6331,pi,6.2800,4.8262,-0.0948,-0.0948
0.6380,pi,6.2800,4.8155,-0.0954,-0.0954
0.6430,pi,6.2800,4.8573,-0.0949,-0.0949
0.6481,pi,6.2800,4.8910,-0.0946,-0.0946
0.6529,pi,6.2800,4.9638,-0.0935,-0.0935
0.6579,pi,6.2800,5.0224,-0.0926,-0.0926
0.6633,pi,6.2800,4.9716,-0.0940,-0.0940
0.6687,pi,6.2800,4.9312,-0.0951,-0.0951
0.6742,pi,6.2800,4.8921,-0.0962,-0.0962
0.6789,pi,6.2800,4.8692,-0.0970,-0.0970
0.6836,pi,6.2800,4.8492,-0.0978,-0.0978
0.6893,pi,6.2800,4.8192,-0.0988,-0.0988
0.6938,pi,6.2800,4.6768,-0.1020,-0.1020
0.6987,pi,6.2800,4.5451,-0.1051,-0.1051
0.7032,pi,6.2800,4.4904,-0.1066,-0.1066
0.7081,pi,6.2800,4.4465,-0.1079,-0.1079
0.7131,pi,6.2800,4.4250,-0.1088,-0.1088
0.7183,pi,6.2800,4.5000,-0.1078,-0.1078
0.7231,pi,6.2800,4.6059,-0.1061,-0.1061
0.7281,pi,6.2800,4.6960,-0.1047,-0.1047
0.7331,pi,6.2800,4.7623,-0.1037,-0.1037
0.7381,pi,6.2800,4.8618,-0.1021,-0.1021
0.7431,pi,6.2800,4.9535,-0.1006,-0.1006
0.7480,pi,6.2800,5.1052,-0.0979,-0.0979
0.7536,pi,6.2800,5.2404,-0.0954,-0.0954
0.7582,pi,6.2800,5.3480,-0.0935,-0.0935
0.7636,pi,6.2800,5.4338,-0.0920,-0.0920
0.7687,pi,6.2800,5.5027,-0.0908,-0.0908
0.7731,pi,6.2800,5.5579,-0.0899,-0.0899
0.7783,pi,6.2800,5.5992,-0.0892,-0.0892
0.7838,pi,6.2800,5.6229,-0.0889,-0.0889
0.7887,pi,6.2800,5.6053,-0.0894,-0.0894
0.7931,pi,6.2800,5.5899,-0.0899,-0.0899
0.7983,pi,6.2800,5.5777,-0.0903,-0.0903
0.8032,pi,6.2800,5.6045,-0.0900,-0.0900
0.8081,pi,6.2800,5.5805,-0.0906,-0.0906
0.8129,pi,6.2800,5.5622,-0.0912,-0.0912
0.8179,pi,6.2800,5.5477,-0.0916,-0.0916
0.8229,pi,6.2800,5.5359,-0.0921,-0.0921
0.8279,pi,6.2800,5.4805,-0.0934,-0.0934
0.8329,pi,6.2800,5.4390,-0.0944,-0.0944
0.8380,pi,6.2800,5.4149,-0.0951,-0.0951
0.8429,pi,6.2800,5.3838,-0.0960,-0.0960
0.8479,pi,6.2800,5.3588,-0.0967,-0.0967
0.8529,pi,6.2800,5.3842,-0.0964,-0.0964
0.8579,pi,6.2800,5.3589,-0.0971,-0.0971
0.8629,pi,6.2800,5.3384,-0.0978,-0.0978
0.8680,pi,6.2800,5.3261,-0.0983,-0.0983
0.8729,pi,6.2800,5.3164,-0.0987,-0.0987
0.8779,pi,6.2800,5.3087,-0.0991,-0.0991
0.8829,pi,6.2800,5.3024,-0.0995,-0.0995
0.8880,pi,6.2800,5.3470,-0.0988,-0.0988
0.8929,pi,6.2800,5.3739,-0.0985,-0.0985
0.8979,pi,6.2800,5.3960,-0.0983,-0.0983
0.9029,pi,6.2800,5.4135,-0.0981,-0.0981
0.9080,pi,6.2800,5.3862,-0.0989,-0.0989
0.9129,pi,6.2800,5.3598,-0.0997,-0.0997
0.9180,pi,6.2800,5.3847,-0.0994,-0.0994
0.9230,pi,6.2800,5.4136,-0.0990,-0.0990
0.9279,pi,6.2800,5.4277,-0.0990,-0.0990
0.9330,pi,6.2800,5.4480,-0.0988,-0.0988
0.9379,pi,6.2800,5.5008,-0.0979,-0.0979
0.9429,pi,6.2800,5.4981,-0.0982,-0.0982
0.9480,pi,6.2800,5.5042,-0.0982,-0.0982
0.9529,pi,6.2800,5.5092,-0.0983,-0.0983
0.9579,pi,6.2800,5.5041,-0.0986,-0.0986
0.9629,pi,6.2800,5.5458,-0.0980,-0.0980
0.9679,pi,6.2800,5.5424,-0.0982,-0.0982
0.9729,pi,6.2800,5.5306,-0.0986,-0.0986
0.9780,pi,6.2800,5.5303,-0.0988,-0.0988
0.9829,pi,6.2800,5.5805,-0.0980,-0.0980
0.9879,pi,6.2800,5.6071,-0.0976,-0.0976
0.9929,pi,6.2800,5.5825,-0.0983,-0.0983
0.9979,pi,6.2800,5.5630,-0.0989,-0.0989
1.0030,pi,6.2800,5.5559,-0.0992,-0.0992
1.0079,pi,6.2800,5.5506,-0.0995,-0.0995
1.0129,pi,6.2800,5.5831,-0.0990,-0.0990
1.0179,pi,6.2800,5.5633,-0.0996,-0.0996
1.0229,pi,6.2800,5.5475,-0.1001,-0.1001
1.0279,pi,6.2800,5.5807,-0.0996,-0.0996
1.0329,pi,6.2800,5.6071,-0.0992,-0.0992
1.0379,pi,6.2800,5.5829,-0.0999,-0.0999
1.0429,pi,6.2800,5.5720,-0.1003,-0.1003
1.0479,pi,6.2800,5.5633,-0.1007,-0.1007
1.0529,pi,6.2800,5.5930,-0.1002,-0.1002
1.0580,pi,6.2800,5.6305,-0.0996,-0.0996
1.0629,pi,6.2800,5.6102,-0.1002,-0.1002
1.0679,pi,6.2800,5.5938,-0.1007,-0.1007
1.0729,pi,6.2800,5.6174,-0.1004,-0.1004
1.0779,pi,6.2800,5.5998,-0.1009,-0.1009
1.0829,pi,6.2800,5.5856,-0.1014,-0.1014
1.0882,pi,6.2800,5.5731,-0.1018,-0.1018
1.0930,pi,6.2800,5.6139,-0.1012,-0.1012
1.0980,pi,6.2800,5.6469,-0.1007,-0.1007
1.1032,pi,6.2800,5.6213,-0.1013,-0.1013
1.1082,pi,6.2800,5.6523,-0.1009,-0.1009
1.1130,pi,6.2800,5.6762,-0.1005,-0.1005
1.1179,pi,6.2800,5.6966,-0.1003,-0.1003
1.1229,pi,6.2800,5.6630,-0.1011,-0.1011
1.1279,pi,6.2800,5.6862,-0.1008,-0.1008
1.1332,pi,6.2800,5.7041,-0.1006,-0.1006
1.1380,pi,6.2800,5.7048,-0.1007,-0.1007
1.1430,pi,6.2800,5.7524,-0.0999,-0.0999
1.1487,pi,6.2800,5.7577,-0.0999,-0.0999
1.1538,pi,6.2800,5.7484,-0.1002,-0.1002
1.1580,pi,6.2800,5.7421,-0.1005,-0.1005
1.1639,pi,6.2800,5.7489,-0.1005,-0.1005
1.1683,pi,6.2800,5.7549,-0.1005,-0.1005
1.1730,pi,6.2800,5.7599,-0.1005,-0.1005
1.1779,pi,6.2800,5.7509,-0.1008,-0.1008
1.1831,pi,6.2800,5.7426,-0.1011,-0.1011
1.1882,pi,6.2800,5.7501,-0.1011,-0.1011
1.1950,pi,6.2800,5.7045,-0.1022,-0.1022
1.2019,pi,6.2800,5.6681,-0.1031,-0.1031
1.2067,pi,6.2800,5.6897,-0.1028,-0.1028
1.2116,pi,6.2800,5.6545,-0.1036,-0.1036
1.2180,pi,6.2800,5.5573,-0.1058,-0.1058
1.2246,pi,6.2800,5.5050,-0.1070,-0.1070
1.2297,pi,6.2800,5.4567,-0.1082,-0.1082
1.2350,pi,6.2800,5.4196,-0.1091,-0.1091
1.2404,pi,6.2800,5.3411,-0.1109,-0.1109
1.2453,pi,6.2800,5.2252,-0.1135,-0.1135
1.2498,pi,6.2800,5.1345,-0.1156,-0.1156
1.2567,pi,6.2800,5.1137,-0.1163,-0.1163
1.2634,pi,6.2800,5.0446,-0.1180,-0.1180
1.2681,pi,6.2800,5.0390,-0.1185,-0.1185
1.2757,pi,6.2800,5.0805,-0.1179,-0.1179
1.2813,pi,6.2800,5.1273,-0.1173,-0.1173
1.2861,pi,6.2800,5.1542,-0.1170,-0.1170
1.2911,pi,6.2800,5.1761,-0.1169,-0.1169
1.2965,pi,6.2800,5.1945,-0.1168,-0.1168
1.3032,pi,6.2800,5.2513,-0.1159,-0.1159
1.3091,pi,6.2800,5.3445,-0.1142,-0.1142
1.3140,pi,6.2800,5.4310,-0.1127,-0.1127
1.3190,pi,6.2800,5.5508,-0.1105,-0.1105
1.3237,pi,6.2800,5.6272,-0.1092,-0.1092
1.3291,pi,6.2800,5.7371,-0.1071,-0.1071
1.3340,pi,6.2800,5.7815,-0.1063,-0.1063
1.3387,pi,6.2800,5.8598,-0.1049,-0.1049
1.3449,pi,6.2800,5.9212,-0.1037,-0.1037
1.3513,pi,6.2800,6.0194,-0.1018,-0.1018
1.3566,pi,6.2800,6.1414,-0.0994,-0.0994
1.3630,pi,6.2800,6.2196,-0.0979,-0.0979
1.3683,pi,6.2800,6.2289,-0.0977,-0.0977
1.3733,pi,6.2800,6.2392,-0.0975,-0.0975
1.3787,pi,6.2800,6.2269,-0.0978,-0.0978
1.3857,pi,6.2800,6.2352,-0.0976,-0.0976
1.3921,pi,6.2800,6.2260,-0.0978,-0.0978
1.3971,pi,6.2800,6.2055,-0.0982,-0.0982
1.4025,pi,6.2800,6.1969,-0.0984,-0.0984
1.4068,pi,6.2800,6.1599,-0.0992,-0.0992
1.4108,pi,6.2800,6.1204,-0.1000,-0.1000
1.4150,pi,6.2800,6.0869,-0.1007,-0.1007
1.4191,pi,6.2800,6.0544,-0.1015,-0.1015
1.4235,pi,6.2800,6.0379,-0.1018,-0.1018
1.4275,pi,6.2800,6.0209,-0.1022,-0.1022
1.4313,pi,6.2800,6.0057,-0.1026,-0.1026
1.4353,pi,6.2800,5.9506,-0.1038,-0.1038
1.4394,pi,6.2800,5.9624,-0.1036,-0.1036
1.4443,pi,6.2800,5.9240,-0.1045,-0.1045
1.4492,pi,6.2800,5.8938,-0.1052,-0.1052
1.4530,pi,6.2800,5.8630,-0.1059,-0.1059
1.4568,pi,6.2800,5.8433,-0.1064,-0.1064
1.4606,pi,6.2800,5.8169,-0.1071,-0.1071
1.4648,pi,6.2800,5.8623,-0.1063,-0.1063
1.4694,pi,6.2800,5.8793,-0.1060,-0.1060
1.4736,pi,6.2800,5.8468,-0.1068,-0.1068
1.4775,pi,6.2800,5.8334,-0.1072,-0.1072
1.4813,pi,6.2800,5.8218,-0.1075,-0.1075
1.4851,pi,6.2800,5.8002,-0.1081,-0.1081
1.4890,pi,6.2800,5.7855,-0.1085,-0.1085
1.4928,pi,6.2800,5.8222,-0.1079,-0.1079
1.4965,pi,6.2800,5.8460,-0.1075,-0.1075
1.5004,pi,6.2800,5.8193,-0.1081,-0.1081
1.5042,pi,6.2800,5.8447,-0.1077,-0.1077
1.5080,pi,6.2800,5.8186,-0.1084,-0.1084
1.5129,pi,6.2800,5.7977,-0.1089,-0.1089
1.5179,pi,6.2800,5.8265,-0.1084,-0.1084
1.5229,pi,6.2800,5.8497,-0.1081,-0.1081
1.5279,pi,6.2800,5.8692,-0.1078,-0.1078
1.5329,pi,6.2800,5.8836,-0.1076,-0.1076
1.5379,pi,6.2800,5.9131,-0.1071,-0.1071
1.5429,pi,6.2800,5.9185,-0.1071,-0.1071
1.5482,pi,6.2800,5.9226,-0.1071,-0.1071
1.5529,pi,6.2800,5.9440,-0.1068,-0.1068
1.5578,pi,6.2800,5.9432,-0.1069,-0.1069
1.5630,pi,6.2800,5.9885,-0.1060,-0.1060
1.5679,pi,6.2800,5.9968,-0.1059,-0.1059
1.5733,pi,6.2800,5.9853,-0.1062,-0.1062
1.5782,pi,6.2800,5.9942,-0.1061,-0.1061
1.5837,pi,6.2800,6.0006,-0.1061,-0.1061
1.5884,pi,6.2800,6.0056,-0.1060,-0.1060
1.5937,pi,6.2800,6.0097,-0.1060,-0.1060
1.5981,pi,6.2800,6.0135,-0.1060,-0.1060
1.6029,pi,6.2800,6.0448,-0.1055,-0.1055
1.6079,pi,6.2800,6.0422,-0.1056,-0.1056
1.6129,pi,6.2800,6.0387,-0.1057,-0.1057
1.6179,pi,6.2800,6.0192,-0.1061,-0.1061
1.6229,pi,6.2800,6.0492,-0.1056,-0.1056
1.6279,pi,6.2800,6.0733,-0.1052,-0.1052
1.6329,pi,6.2800,6.0927,-0.1048,-0.1048
1.6379,pi,6.2800,6.1090,-0.1046,-0.1046
1.6430,pi,6.2800,6.0763,-0.1053,-0.1053
1.6480,pi,6.2800,6.0952,-0.1049,-0.1049
1.6529,pi,6.2800,6.1110,-0.1047,-0.1047
1.6580,pi,6.2800,6.0951,-0.1050,-0.1050
1.6629,pi,6.2800,6.1100,-0.1048,-0.1048
1.6679,pi,6.2800,6.0774,-0.1055,-0.1055
1.6730,pi,6.2800,6.0180,-0.1067,-0.1067
1.6779,pi,6.2800,6.0026,-0.1071,-0.1071
1.6829,pi,6.2800,5.9581,-0.1081,-0.1081
1.6879,pi,6.2800,5.9545,-0.1082,-0.1082
1.6929,pi,6.2800,5.9517,-0.1084,-0.1084
1.6979,pi,6.2800,5.9494,-0.1085,-0.1085
1.7029,pi,6.2800,5.9486,-0.1086,-0.1086
1.7079,pi,6.2800,5.9470,-0.1087,-0.1087
1.7129,pi,6.2800,5.9639,-0.1084,-0.1084
1.7179,pi,6.2800,5.9774,-0.1082,-0.1082
1.7229,pi,6.2800,5.9700,-0.1085,-0.1085
1.7279,pi,6.2800,6.0099,-0.1077,-0.1077
1.7329,pi,6.2800,5.9959,-0.1081,-0.1081
1.7379,pi,6.2800,6.0306,-0.1075,-0.1075
1.7429,pi,6.2800,6.0309,-0.1075,-0.1075
1.7479,pi,6.2800,6.0127,-0.1079,-0.1079
1.7530,pi,6.2800,6.0162,-0.1079,-0.1079
1.7579,pi,6.2800,6.0189,-0.1080,-0.1080
1.7629,pi,6.2800,6.0215,-0.1080,-0.1080
1.7681,pi,6.2800,6.0231,-0.1080,-0.1080
1.7730,pi,6.2800,6.0740,-0.1070,-0.1070
1.7782,pi,6.2800,6.0650,-0.1073,-0.1073
1.7844,pi,6.2800,6.1053,-0.1065,-0.1065
1.7888,pi,6.2800,6.0894,-0.1069,-0.1069
1.7937,pi,6.2800,6.0758,-0.1072,-0.1072
1.7989,pi,6.2800,6.1135,-0.1065,-0.1065
1.8055,pi,6.2800,6.0941,-0.1069,-0.1069
1.8115,pi,6.2800,6.0794,-0.1073,-0.1073
1.8167,pi,6.2800,6.0661,-0.1076,-0.1076
1.8219,pi,6.2800,6.0588,-0.1078,-0.1078
1.8267,pi,6.2800,5.9967,-0.1091,-0.1091
1.8313,pi,6.2800,5.9902,-0.1093,-0.1093
1.8358,pi,6.2800,5.9808,-0.1096,-0.1096
1.8402,pi,6.2800,5.9754,-0.1097,-0.1097
1.8448,pi,6.2800,5.9690,-0.1099,-0.1099
1.8492,pi,6.2800,5.9632,-0.1101,-0.1101
1.8536,pi,6.2800,5.8701,-0.1121,-0.1121
1.8586,pi,6.2800,5.7932,-0.1138,-0.1138
1.8637,pi,6.2800,5.7775,-0.1142,-0.1142
1.8682,pi,6.2800,5.7217,-0.1155,-0.1155
1.8729,pi,6.2800,5.7206,-0.1156,-0.1156
1.8779,pi,6.2800,5.7245,-0.1157,-0.1157
1.8829,pi,6.2800,5.7338,-0.1156,-0.1156
1.8880,pi,6.2800,5.7299,-0.1158,-0.1158
1.8929,pi,6.2800,5.7273,-0.1160,-0.1160
1.8980,pi,6.2800,5.7248,-0.1162,-0.1162
1.9029,pi,6.2800,5.7697,-0.1155,-0.1155
1.9080,pi,6.2800,5.8507,-0.1139,-0.1139
1.9129,pi,6.2800,5.9620,-0.1118,-0.1118
1.9180,pi,6.2800,6.0509,-0.1101,-0.1101
1.9230,pi,6.2800,6.0974,-0.1092,-0.1092
1.9279,pi,6.2800,6.1578,-0.1080,-0.1080
1.9329,pi,6.2800,6.2054,-0.1071,-0.1071
1.9379,pi,6.2800,6.2439,-0.1063,-0.1063
1.9429,pi,6.2800,6.2749,-0.1057,-0.1057
1.9479,pi,6.2800,6.2995,-0.1052,-0.1052
1.9530,pi,6.2800,6.2961,-0.1053,-0.1053
1.9579,pi,6.2800,6.3164,-0.1049,-0.1049
1.9629,pi,6.2800,6.3329,-0.1045,-0.1045
1.9679,pi,6.2800,6.3461,-0.1042,-0.1042
1.9730,pi,6.2800,6.3103,-0.1049,-0.1049
1.9779,pi,6.2800,6.3286,-0.1046,-0.1046
1.9829,pi,6.2800,6.2958,-0.1052,-0.1052
1.9879,pi,6.2800,6.3162,-0.1048,-0.1048
1.9929,pi,6.2800,6.2869,-0.1054,-0.1054
1.9980,pi,6.2800,6.2358,-0.1064,-0.1064
2.0029,pi,6.2800,6.2223,-0.1067,-0.1067
2.0079,pi,6.2800,6.2120,-0.1069,-0.1069
2.0130,pi,6.2800,6.1576,-0.1080,-0.1080
2.0180,pi,6.2800,6.1320,-0.1086,-0.1086
2.0232,pi,6.2800,6.1113,-0.1090,-0.1090
2.0280,pi,6.2800,6.0948,-0.1094,-0.1094
2.0332,pi,6.2800,6.0822,-0.1097,-0.1097
2.0379,pi,6.2800,6.0218,-0.1110,-0.1110
2.0429,pi,6.2800,6.0056,-0.1114,-0.1114
2.0479,pi,6.2800,5.9926,-0.1117,-0.1117
2.0530,pi,6.2800,6.0279,-0.1111,-0.1111
2.0580,pi,6.2800,6.0282,-0.1111,-0.1111
2.0629,pi,6.2800,6.0790,-0.1102,-0.1102
2.0680,pi,6.2800,6.0969,-0.1099,-0.1099
2.0729,pi,6.2800,6.1115,-0.1096,-0.1096
2.0780,pi,6.2800,6.1241,-0.1094,-0.1094
2.0829,pi,6.2800,6.1332,-0.1092,-0.1092
2.0880,pi,6.2800,6.1632,-0.1087,-0.1087
2.0930,pi,6.2800,6.1861,-0.1082,-0.1082
2.0982,pi,6.2800,6.2043,-0.1079,-0.1079
2.1032,pi,6.2800,6.1689,-0.1086,-0.1086
2.1081,pi,6.2800,6.1914,-0.1082,-0.1082
2.1129,pi,6.2800,6.2095,-0.1079,-0.1079
2.1180,pi,6.2800,6.2242,-0.1076,-0.1076
2.1229,pi,6.2800,6.2133,-0.1078,-0.1078
2.1280,pi,6.2800,6.2050,-0.1080,-0.1080
2.1331,pi,6.2800,6.1677,-0.1088,-0.1088
2.1383,pi,6.2800,6.1898,-0.1084,-0.1084
2.1438,pi,6.2800,6.1564,-0.1091,-0.1091
2.1479,pi,6.2800,6.1596,-0.1090,-0.1090
2.1529,pi,6.2800,6.1626,-0.1090,-0.1090
2.1579,pi,6.2800,6.2105,-0.1080,-0.1080
2.1629,pi,6.2800,6.2030,-0.1082,-0.1082
2.1679,pi,6.2800,6.1507,-0.1093,-0.1093
2.1731,pi,6.2800,6.1768,-0.1088,-0.1088
2.1779,pi,6.2800,6.1478,-0.1094,-0.1094
2.1830,pi,6.2800,6.1514,-0.1094,-0.1094
2.1882,pi,6.2800,6.1563,-0.1093,-0.1093
2.1931,pi,6.2800,6.1134,-0.1102,-0.1102
2.1979,pi,6.2800,6.1269,-0.1100,-0.1100
2.2029,pi,6.2800,6.0902,-0.1108,-0.1108
2.2080,pi,6.2800,6.0785,-0.1110,-0.1110
2.2129,pi,6.2800,6.0687,-0.1113,-0.1113
2.2180,pi,6.2800,6.1114,-0.1105,-0.1105
2.2229,pi,6.2800,6.1226,-0.1103,-0.1103
2.2280,pi,6.2800,6.1544,-0.1097,-0.1097
2.2336,pi,6.2800,6.1278,-0.1103,-0.1103
2.2385,pi,6.2800,6.1582,-0.1097,-0.1097
2.2435,pi,6.2800,6.1830,-0.1092,-0.1092
2.2483,pi,6.2800,6.2023,-0.1088,-0.1088
2.2529,pi,6.2800,6.2179,-0.1085,-0.1085
2.2579,pi,6.2800,6.1806,-0.1093,-0.1093
2.2629,pi,6.2800,6.1783,-0.1094,-0.1094
2.2680,pi,6.2800,6.2223,-0.1085,-0.1085
2.2729,pi,6.2800,6.2118,-0.1087,-0.1087
2.2780,pi,6.2800,6.2256,-0.1085,-0.1085
2.2829,pi,6.2800,6.2139,-0.1087,-0.1087
2.2879,pi,6.2800,6.2521,-0.1080,-0.1080
2.2929,pi,6.2800,6.2363,-0.1083,-0.1083
2.2979,pi,6.2800,6.2234,-0.1086,-0.1086
2.3029,pi,6.2800,6.2128,-0.1088,-0.1088
2.3080,pi,6.2800,6.2267,-0.1085,-0.1085
2.3129,pi,6.2800,6.2377,-0.1083,-0.1083
2.3179,pi,6.2800,6.1963,-0.1092,-0.1092
2.3229,pi,6.2800,6.1632,-0.1099,-0.1099
2.3279,pi,6.2800,6.1644,-0.1099,-0.1099
2.3329,pi,6.2800,6.1198,-0.1108,-0.1108
2.3380,pi,6.2800,6.1021,-0.1112,-0.1112
2.3430,pi,6.2800,6.0879,-0.1115,-0.1115
2.3479,pi,6.2800,6.1041,-0.1113,-0.1113
2.3529,pi,6.2800,6.1173,-0.1110,-0.1110
2.3579,pi,6.2800,6.1276,-0.1109,-0.1109
2.3629,pi,6.2800,6.1359,-0.1107,-0.1107
2.3679,pi,6.2800,6.1427,-0.1106,-0.1106
2.3729,pi,6.2800,6.1482,-0.1106,-0.1106
2.3779,pi,6.2800,6.1984,-0.1096,-0.1096
2.3829,pi,6.2800,6.2153,-0.1093,-0.1093
2.3879,pi,6.2800,6.2518,-0.1085,-0.1085
2.3929,pi,6.2800,6.2354,-0.1089,-0.1089
2.3979,pi,6.2800,6.2681,-0.1082,-0.1082
2.4030,pi,6.2800,6.2711,-0.1082,-0.1082
2.4079,pi,6.2800,6.2964,-0.1077,-0.1077
2.4129,pi,6.2800,6.2711,-0.1082,-0.1082
2.4180,pi,6.2800,6.2965,-0.1076,-0.1076
2.4230,pi,6.2800,6.2934,-0.1077,-0.1077
2.4281,pi,6.2800,6.2910,-0.1078,-0.1078
2.4329,pi,6.2800,6.2891,-0.1078,-0.1078
2.4379,pi,6.2800,6.2879,-0.1078,-0.1078
2.4429,pi,6.2800,6.2870,-0.1078,-0.1078
2.4479,pi,6.2800,6.3092,-0.1074,-0.1074
2.4529,pi,6.2800,6.2811,-0.1079,-0.1079
2.4580,pi,6.2800,6.2805,-0.1079,-0.1079
2.4629,pi,6.2800,6.2583,-0.1084,-0.1084
2.4680,pi,6.2800,6.2128,-0.1093,-0.1093
2.4730,pi,6.2800,6.2268,-0.1091,-0.1091
2.4779,pi,6.2800,6.2162,-0.1093,-0.1093
2.4829,pi,6.2800,6.2069,-0.1095,-0.1095
2.4879,pi,6.2800,6.1717,-0.1102,-0.1102
2.4930,pi,6.2800,6.1436,-0.1108,-0.1108
2.4979,pi,6.2800,6.1488,-0.1107,-0.1107
2.5030,pi,6.2800,6.1753,-0.1102,-0.1102
2.5079,pi,6.2800,6.1740,-0.1103,-0.1103
2.5130,pi,6.2800,6.1455,-0.1109,-0.1109
2.5179,pi,6.2800,6.1502,-0.1108,-0.1108
2.5230,pi,6.2800,6.1537,-0.1108,-0.1108
2.5280,pi,6.2800,6.1786,-0.1103,-0.1103
2.5330,pi,6.2800,6.1485,-0.1110,-0.1110
2.5378,pi,6.2800,6.1525,-0.1109,-0.1109
2.5429,pi,6.2800,6.1559,-0.1109,-0.1109
2.5479,pi,6.2800,6.1814,-0.1104,-0.1104
2.5529,pi,6.2800,6.1788,-0.1105,-0.1105
2.5579,pi,6.2800,6.1773,-0.1105,-0.1105
2.5629,pi,6.2800,6.1756,-0.1106,-0.1106
2.5679,pi,6.2800,6.2201,-0.1097,-0.1097
2.5730,pi,6.2800,6.2095,-0.1099,-0.1099
2.5779,pi,6.2800,6.2473,-0.1092,-0.1092
2.5830,pi,6.2800,6.2317,-0.1095,-0.1095
2.5879,pi,6.2800,6.2419,-0.1093,-0.1093
2.5929,pi,6.2800,6.2499,-0.1092,-0.1092
2.5979,pi,6.2800,6.2564,-0.1090,-0.1090
2.6030,pi,6.2800,6.2600,-0.1090,-0.1090
2.6079,pi,6.2800,6.2641,-0.1089,-0.1089
2.6130,pi,6.2800,6.2678,-0.1088,-0.1088
2.6179,pi,6.2800,6.2938,-0.1083,-0.1083
2.6229,pi,6.2800,6.2695,-0.1088,-0.1088
2.6280,pi,6.2800,6.2721,-0.1087,-0.1087
2.6330,pi,6.2800,6.2743,-0.1087,-0.1087
2.6379,pi,6.2800,6.2256,-0.1097,-0.1097
2.6430,pi,6.2800,6.2145,-0.1099,-0.1099
2.6480,pi,6.2800,6.1779,-0.1107,-0.1107
2.6530,pi,6.2800,6.1753,-0.1108,-0.1108
2.6579,pi,6.2800,6.1756,-0.1108,-0.1108
2.6630,pi,6.2800,6.1747,-0.1108,-0.1108
2.6679,pi,6.2800,6.1736,-0.1109,-0.1109
2.6730,pi,6.2800,6.1950,-0.1105,-0.1105
2.6779,pi,6.2800,6.1891,-0.1106,-0.1106
2.6829,pi,6.2800,6.1850,-0.1107,-0.1107
2.6879,pi,6.2800,6.1819,-0.1108,-0.1108
2.6929,pi,6.2800,6.2019,-0.1104,-0.1104
2.6979,pi,6.2800,6.2181,-0.1101,-0.1101
2.7029,pi,6.2800,6.2082,-0.1103,-0.1103
2.7080,pi,6.2800,6.2230,-0.1100,-0.1100
2.7129,pi,6.2800,6.2348,-0.1098,-0.1098
2.7179,pi,6.2800,6.2442,-0.1096,-0.1096
2.7229,pi,6.2800,6.2013,-0.1105,-0.1105
2.7279,pi,6.2800,6.1947,-0.1107,-0.1107
2.7329,pi,6.2800,6.2124,-0.1103,-0.1103
2.7379,pi,6.2800,6.2038,-0.1105,-0.1105
2.7430,pi,6.2800,6.1692,-0.1112,-0.1112
2.7479,pi,6.2800,6.1919,-0.1108,-0.1108
2.7529,pi,6.2800,6.2329,-0.1100,-0.1100
2.7579,pi,6.2800,6.2659,-0.1094,-0.1094
2.7629,pi,6.2800,6.2190,-0.1103,-0.1103
2.7679,pi,6.2800,6.2091,-0.1105,-0.1105
2.7730,pi,6.2800,6.2468,-0.1098,-0.1098
2.7780,pi,6.2800,6.2539,-0.1096,-0.1096
2.7829,pi,6.2800,6.2369,-0.1100,-0.1100
2.7879,pi,6.2800,6.2236,-0.1103,-0.1103
2.7929,pi,6.2800,6.2128,-0.1105,-0.1105
2.7980,pi,6.2800,6.2266,-0.1102,-0.1102
2.8029,pi,6.2800,6.2153,-0.1105,-0.1105
2.8080,pi,6.2800,6.2279,-0.1102,-0.1102
2.8129,pi,6.2800,6.2389,-0.1100,-0.1100
2.8180,pi,6.2800,6.2474,-0.1099,-0.1099
2.8229,pi,6.2800,6.2317,-0.1102,-0.1102
2.8279,pi,6.2800,6.1737,-0.1114,-0.1114
2.8330,pi,6.2800,6.1955,-0.1110,-0.1110
2.8380,pi,6.2800,6.2127,-0.1106,-0.1106
2.8429,pi,6.2800,6.2266,-0.1104,-0.1104
2.8480,pi,6.2800,6.2149,-0.1106,-0.1106
2.8530,pi,6.2800,6.2284,-0.1104,-0.1104
2.8580,pi,6.2800,6.2161,-0.1106,-0.1106
2.8629,pi,6.2800,6.2077,-0.1108,-0.1108
2.8680,pi,6.2800,6.2001,-0.1110,-0.1110
2.8729,pi,6.2800,6.1943,-0.1111,-0.1111
2.8780,pi,6.2800,6.1895,-0.1112,-0.1112
2.8829,pi,6.2800,6.2311,-0.1104,-0.1104
2.8879,pi,6.2800,6.2189,-0.1107,-0.1107
2.8929,pi,6.2800,6.2093,-0.1109,-0.1109
2.8979,pi,6.2800,6.2015,-0.1111,-0.1111
2.9029,pi,6.2800,6.2411,-0.1103,-0.1103
2.9079,pi,6.2800,6.2270,-0.1106,-0.1106
2.9129,pi,6.2800,6.2617,-0.1099,-0.1099
2.9180,pi,6.2800,6.3161,-0.1088,-0.1088
2.9229,pi,6.2800,6.3326,-0.1085,-0.1085
2.9279,pi,6.2800,6.3002,-0.1091,-0.1091
2.9329,pi,6.2800,6.3198,-0.1087,-0.1087
2.9379,pi,6.2800,6.2897,-0.1093,-0.1093
2.9429,pi,6.2800,6.2884,-0.1093,-0.1093
2.9479,pi,6.2800,6.2644,-0.1098,-0.1098
2.9529,pi,6.2800,6.2911,-0.1093,-0.1093
2.9579,pi,6.2800,6.2895,-0.1093,-0.1093
2.9629,pi,6.2800,6.3112,-0.1089,-0.1089
2.9679,pi,6.2800,6.2828,-0.1094,-0.1094
2.9730,pi,6.2800,6.2314,-0.1105,-0.1105
2.9779,pi,6.2800,6.2192,-0.1107,-0.1107
2.9830,pi,6.2800,6.1810,-0.1115,-0.1115
2.9879,pi,6.2800,6.2011,-0.1111,-0.1111
2.9930,pi,6.2800,6.1668,-0.1118,-0.1118
2.9979,pi,6.2800,6.1898,-0.1114,-0.1114
3.0030,pi,6.2800,6.1578,-0.1121,-0.1121
3.0078,pi,6.2800,6.1599,-0.1121,-0.1121
3.0129,pi,6.2800,6.1620,-0.1121,-0.1121
3.0180,pi,6.2800,6.1358,-0.1126,-0.1126
3.0229,pi,6.2800,6.1425,-0.1125,-0.1125
3.0279,pi,6.2800,6.1489,-0.1124,-0.1124
3.0329,pi,6.2800,6.1528,-0.1124,-0.1124
3.0379,pi,6.2800,6.1563,-0.1123,-0.1123
3.0429,pi,6.2800,6.1593,-0.1123,-0.1123
3.0479,pi,6.2800,6.1617,-0.1123,-0.1123
3.0529,pi,6.2800,6.1635,-0.1123,-0.1123
3.0579,pi,6.2800,6.1372,-0.1128,-0.1128
3.0629,pi,6.2800,6.1662,-0.1123,-0.1123
3.0679,pi,6.2800,6.1665,-0.1123,-0.1123
3.0730,pi,6.2800,6.1894,-0.1119,-0.1119
3.0781,pi,6.2800,6.2070,-0.1115,-0.1115
3.0835,pi,6.2800,6.2213,-0.1113,-0.1113
3.0883,pi,6.2800,6.2833,-0.1100,-0.1100
3.0929,pi,6.2800,6.2829,-0.1100,-0.1100
3.0979,pi,6.2800,6.2827,-0.1100,-0.1100
3.1029,pi,6.2800,6.2824,-0.1100,-0.1100
3.1082,pi,6.2800,6.2818,-0.1101,-0.1101
3.1130,pi,6.2800,6.2812,-0.1101,-0.1101
3.1179,pi,6.2800,6.2813,-0.1101,-0.1101
3.1229,pi,6.2800,6.3047,-0.1096,-0.1096
3.1280,pi,6.2800,6.2780,-0.1101,-0.1101
3.1329,pi,6.2800,6.3026,-0.1096,-0.1096
3.1381,pi,6.2800,6.2760,-0.1102,-0.1102
3.1429,pi,6.2800,6.2272,-0.1111,-0.1111
3.1479,pi,6.2800,6.2159,-0.1114,-0.1114
3.1529,pi,6.2800,6.2066,-0.1116,-0.1116
3.1581,pi,6.2800,6.1988,-0.1118,-0.1118
3.1631,pi,6.2800,6.1649,-0.1125,-0.1125
3.1681,pi,6.2800,6.1880,-0.1120,-0.1120
3.1730,pi,6.2800,6.1551,-0.1127,-0.1127
3.1779,pi,6.2800,6.1581,-0.1127,-0.1127
3.1830,pi,6.2800,6.1323,-0.1133,-0.1133
3.1880,pi,6.2800,6.1394,-0.1131,-0.1131
3.1930,pi,6.2800,6.1680,-0.1126,-0.1126
3.1982,pi,6.2800,6.1904,-0.1122,-0.1122
3.2030,pi,6.2800,6.2084,-0.1118,-0.1118
3.2079,pi,6.2800,6.2459,-0.1111,-0.1111
3.2130,pi,6.2800,6.2305,-0.1114,-0.1114
3.2179,pi,6.2800,6.2646,-0.1107,-0.1107
3.2232,pi,6.2800,6.2452,-0.1111,-0.1111
3.2280,pi,6.2800,6.2518,-0.1110,-0.1110
3.2334,pi,6.2800,6.2573,-0.1109,-0.1109
3.2391,pi,6.2800,6.2612,-0.1108,-0.1108
3.2433,pi,6.2800,6.2654,-0.1107,-0.1107
3.2479,pi,6.2800,6.2684,-0.1107,-0.1107
3.2529,pi,6.2800,6.2943,-0.1102,-0.1102
3.2579,pi,6.2800,6.3153,-0.1097,-0.1097
3.2630,pi,6.2800,6.3088,-0.1099,-0.1099
3.2681,pi,6.2800,6.3035,-0.1100,-0.1100
3.2729,pi,6.2800,6.2763,-0.1105,-0.1105
3.2780,pi,6.2800,6.3016,-0.1100,-0.1100
3.2829,pi,6.2800,6.2751,-0.1105,-0.1105
3.2879,pi,6.2800,6.3005,-0.1100,-0.1100
3.2929,pi,6.2800,6.2755,-0.1105,-0.1105
3.2979,pi,6.2800,6.3004,-0.1100,-0.1100
3.3029,pi,6.2800,6.2750,-0.1105,-0.1105
3.3079,pi,6.2800,6.2081,-0.1119,-0.1119
3.3129,pi,6.2800,6.2004,-0.1121,-0.1121
3.3180,pi,6.2800,6.2164,-0.1117,-0.1117
3.3229,pi,6.2800,6.2072,-0.1120,-0.1120
3.3280,pi,6.2800,6.1719,-0.1127,-0.1127
3.3329,pi,6.2800,6.1708,-0.1127,-0.1127
3.3380,pi,6.2800,6.1429,-0.1133,-0.1133
3.3429,pi,6.2800,6.1482,-0.1133,-0.1133
3.3480,pi,6.2800,6.1247,-0.1138,-0.1138
3.3529,pi,6.2800,6.1563,-0.1132,-0.1132
3.3580,pi,6.2800,6.1816,-0.1127,-0.1127
3.3629,pi,6.2800,6.2018,-0.1123,-0.1123
3.3679,pi,6.2800,6.1952,-0.1124,-0.1124
3.3730,pi,6.2800,6.2127,-0.1121,-0.1121
3.3780,pi,6.2800,6.2266,-0.1118,-0.1118
3.3829,pi,6.2800,6.2379,-0.1116,-0.1116
3.3879,pi,6.2800,6.2239,-0.1119,-0.1119
3.3929,pi,6.2800,6.2588,-0.1112,-0.1112
3.3980,pi,6.2800,6.3138,-0.1101,-0.1101
3.4029,pi,6.2800,6.3077,-0.1102,-0.1102
3.4079,pi,6.2800,6.2799,-0.1108,-0.1108
3.4130,pi,6.2800,6.2803,-0.1108,-0.1108
3.4183,pi,6.2800,6.3305,-0.1098,-0.1098
3.4232,pi,6.2800,6.3194,-0.1100,-0.1100
3.4283,pi,6.2800,6.3112,-0.1101,-0.1101
3.4334,pi,6.2800,6.3049,-0.1103,-0.1103
3.4379,pi,6.2800,6.3002,-0.1103,-0.1103
3.4429,pi,6.2800,6.2967,-0.1104,-0.1104
3.4478,pi,6.2800,6.2711,-0.1109,-0.1109
3.4530,pi,6.2800,6.2214,-0.1119,-0.1119
3.4580,pi,6.2800,6.2332,-0.1117,-0.1117
3.4631,pi,6.2800,6.1907,-0.1126,-0.1126
3.4682,pi,6.2800,6.1859,-0.1127,-0.1127
3.4737,pi,6.2800,6.1533,-0.1134,-0.1134
3.4779,pi,6.2800,6.1577,-0.1133,-0.1133
3.4830,pi,6.2800,6.1607,-0.1133,-0.1133
3.4879,pi,6.2800,6.1627,-0.1133,-0.1133
3.4930,pi,6.2800,6.1365,-0.1139,-0.1139
3.4979,pi,6.2800,6.1658,-0.1133,-0.1133
3.5029,pi,6.2800,6.1665,-0.1133,-0.1133
3.5079,pi,6.2800,6.2141,-0.1124,-0.1124
3.5130,pi,6.2800,6.2054,-0.1126,-0.1126
3.5179,pi,6.2800,6.2458,-0.1118,-0.1118
3.5229,pi,6.2800,6.2312,-0.1121,-0.1121
3.5279,pi,6.2800,6.2673,-0.1114,-0.1114
3.5330,pi,6.2800,6.2704,-0.1113,-0.1113
3.5379,pi,6.2800,6.2959,-0.1108,-0.1108
3.5430,pi,6.2800,6.2707,-0.1113,-0.1113
3.5479,pi,6.2800,6.2732,-0.1112,-0.1112
3.5530,pi,6.2800,6.2749,-0.1112,-0.1112
3.5579,pi,6.2800,6.2765,-0.1112,-0.1112
3.5629,pi,6.2800,6.2778,-0.1111,-0.1111
3.5679,pi,6.2800,6.2789,-0.1111,-0.1111
3.5729,pi,6.2800,6.2795,-0.1111,-0.1111
3.5779,pi,6.2800,6.3033,-0.1106,-0.1106
3.5830,pi,6.2800,6.2992,-0.1107,-0.1107
3.5879,pi,6.2800,6.2948,-0.1108,-0.1108
3.5929,pi,6.2800,6.2924,-0.1108,-0.1108
3.5979,pi,6.2800,6.3134,-0.1104,-0.1104
3.6029,pi,6.2800,6.2845,-0.1110,-0.1110
3.6079,pi,6.2800,6.3073,-0.1105,-0.1105
3.6129,pi,6.2800,6.2796,-0.1111,-0.1111
3.6180,pi,6.2800,6.2299,-0.1121,-0.1121
3.6229,pi,6.2800,6.2177,-0.1123,-0.1123
3.6281,pi,6.2800,6.2084,-0.1125,-0.1125
3.6335,pi,6.2800,6.2233,-0.1123,-0.1123
3.6383,pi,6.2800,6.2122,-0.1125,-0.1125
3.6429,pi,6.2800,6.2263,-0.1122,-0.1122
3.6479,pi,6.2800,6.2371,-0.1120,-0.1120
3.6528,pi,6.2800,6.2238,-0.1123,-0.1123
3.6579,pi,6.2800,6.2129,-0.1125,-0.1125
3.6629,pi,6.2800,6.2042,-0.1127,-0.1127
3.6679,pi,6.2800,6.1971,-0.1129,-0.1129
3.6729,pi,6.2800,6.2373,-0.1121,-0.1121
3.6780,pi,6.2800,6.2463,-0.1119,-0.1119
3.6829,pi,6.2800,6.2762,-0.1113,-0.1113
3.6880,pi,6.2800,6.2769,-0.1113,-0.1113
3.6929,pi,6.2800,6.2781,-0.1113,-0.1113
3.6979,pi,6.2800,6.2285,-0.1123,-0.1123
3.7029,pi,6.2800,6.2390,-0.1121,-0.1121
3.7079,pi,6.2800,6.2476,-0.1119,-0.1119
3.7129,pi,6.2800,6.2547,-0.1118,-0.1118
3.7180,pi,6.2800,6.2598,-0.1117,-0.1117
3.7229,pi,6.2800,6.2873,-0.1112,-0.1112
3.7279,pi,6.2800,6.2639,-0.1116,-0.1116
3.7329,pi,6.2800,6.2906,-0.1111,-0.1111
3.7380,pi,6.2800,6.2663,-0.1116,-0.1116
3.7429,pi,6.2800,6.2936,-0.1110,-0.1110
3.7479,pi,6.2800,6.2688,-0.1115,-0.1115
3.7529,pi,6.2800,6.2954,-0.1110,-0.1110
3.7580,pi,6.2800,6.2701,-0.1115,-0.1115
3.7629,pi,6.2800,6.2959,-0.1110,-0.1110
3.7679,pi,6.2800,6.2706,-0.1115,-0.1115
3.7729,pi,6.2800,6.2968,-0.1110,-0.1110
3.7780,pi,6.2800,6.2941,-0.1110,-0.1110
3.7830,pi,6.2800,6.2913,-0.1111,-0.1111
3.7879,pi,6.2800,6.2668,-0.1116,-0.1116
3.7932,pi,6.2800,6.2697,-0.1115,-0.1115
3.7981,pi,6.2800,6.2716,-0.1115,-0.1115
3.8032,pi,6.2800,6.2234,-0.1124,-0.1124
3.8078,pi,6.2800,6.2124,-0.1127,-0.1127
3.8129,pi,6.2800,6.1762,-0.1134,-0.1134
3.8179,pi,6.2800,6.1974,-0.1130,-0.1130
3.8230,pi,6.2800,6.1639,-0.1137,-0.1137
3.8280,pi,6.2800,6.1876,-0.1133,-0.1133
3.8329,pi,6.2800,6.1836,-0.1134,-0.1134
3.8379,pi,6.2800,6.2033,-0.1130,-0.1130
3.8429,pi,6.2800,6.1963,-0.1132,-0.1132
3.8479,pi,6.2800,6.1912,-0.1133,-0.1133
3.8529,pi,6.2800,6.1872,-0.1134,-0.1134
3.8580,pi,6.2800,6.2063,-0.1130,-0.1130
3.8629,pi,6.2800,6.2215,-0.1127,-0.1127
3.8679,pi,6.2800,6.2336,-0.1125,-0.1125
3.8729,pi,6.2800,6.2663,-0.1119,-0.1119
3.8779,pi,6.2800,6.2928,-0.1113,-0.1113
3.8829,pi,6.2800,6.3137,-0.1109,-0.1109
3.8879,pi,6.2800,6.3305,-0.1106,-0.1106
3.8929,pi,6.2800,6.3440,-0.1103,-0.1103
3.8980,pi,6.2800,6.3318,-0.1105,-0.1105
3.9029,pi,6.2800,6.3450,-0.1102,-0.1102
3.9079,pi,6.2800,6.3557,-0.1100,-0.1100
3.9129,pi,6.2800,6.3642,-0.1098,-0.1098
3.9179,pi,6.2800,6.3710,-0.1096,-0.1096
3.9229,pi,6.2800,6.3764,-0.1095,-0.1095
3.9279,pi,6.2800,6.3352,-0.1103,-0.1103
3.9329,pi,6.2800,6.3475,-0.1101,-0.1101
3.9379,pi,6.2800,6.3119,-0.1108,-0.1108
3.9430,pi,6.2800,6.2551,-0.1119,-0.1119
3.9479,pi,6.2800,6.2607,-0.1118,-0.1118
3.9529,pi,6.2800,6.2642,-0.1117,-0.1117
3.9579,pi,6.2800,6.2679,-0.1117,-0.1117
3.9630,pi,6.2800,6.2205,-0.1126,-0.1126
3.9680,pi,6.2800,6.2329,-0.1124,-0.1124
3.9730,pi,6.2800,6.2429,-0.1122,-0.1122
3.9779,pi,6.2800,6.2509,-0.1120,-0.1120
3.9829,pi,6.2800,6.2573,-0.1119,-0.1119
3.9879,pi,6.2800,6.2624,-0.1118,-0.1118
3.9929,pi,6.2800,6.2893,-0.1113,-0.1113
3.9979,pi,6.2800,6.2880,-0.1113,-0.1113
4.0031,pi,6.2800,6.2636,-0.1118,-0.1118
4.0080,pi,6.2800,6.2673,-0.1117,-0.1117
4.0129,pi,6.2800,6.2934,-0.1112,-0.1112
4.0179,pi,6.2800,6.3144,-0.1108,-0.1108
4.0230,pi,6.2800,6.2576,-0.1119,-0.1119
4.0279,pi,6.2800,6.2401,-0.1123,-0.1123
4.0330,pi,6.2800,6.2487,-0.1121,-0.1121
4.0379,pi,6.2800,6.2555,-0.1120,-0.1120
4.0429,pi,6.2800,6.2106,-0.1129,-0.1129
4.0479,pi,6.2800,6.2023,-0.1131,-0.1131
4.0529,pi,6.2800,6.2414,-0.1123,-0.1123
4.0579,pi,6.2800,6.2732,-0.1117,-0.1117
4.0629,pi,6.2800,6.2752,-0.1116,-0.1116
4.0679,pi,6.2800,6.2540,-0.1121,-0.1121
4.0729,pi,6.2800,6.2827,-0.1115,-0.1115
4.0779,pi,6.2800,6.3060,-0.1110,-0.1110
4.0830,pi,6.2800,6.2509,-0.1121,-0.1121
4.0880,pi,6.2800,6.2572,-0.1120,-0.1120
4.0929,pi,6.2800,6.2624,-0.1119,-0.1119
4.0979,pi,6.2800,6.2895,-0.1114,-0.1114
4.1031,pi,6.2800,6.2370,-0.1124,-0.1124
4.1083,pi,6.2800,6.2457,-0.1123,-0.1123
4.1130,pi,6.2800,6.2023,-0.1131,-0.1131
4.1180,pi,6.2800,6.2182,-0.1128,-0.1128
4.1229,pi,6.2800,6.1807,-0.1136,-0.1136
4.1279,pi,6.2800,6.2011,-0.1132,-0.1132
4.1331,pi,6.2800,6.2173,-0.1129,-0.1129
4.1380,pi,6.2800,6.2304,-0.1127,-0.1127
4.1430,pi,6.2800,6.2405,-0.1125,-0.1125
4.1479,pi,6.2800,6.2720,-0.1118,-0.1118
4.1529,pi,6.2800,6.2516,-0.1123,-0.1123
4.1579,pi,6.2800,6.2816,-0.1117,-0.1117
4.1630,pi,6.2800,6.2589,-0.1121,-0.1121
4.1679,pi,6.2800,6.2871,-0.1116,-0.1116
4.1730,pi,6.2800,6.2863,-0.1116,-0.1116
4.1780,pi,6.2800,6.2854,-0.1116,-0.1116
4.1829,pi,6.2800,6.2615,-0.1121,-0.1121
4.1879,pi,6.2800,6.2889,-0.1115,-0.1115
4.1929,pi,6.2800,6.2649,-0.1120,-0.1120
4.1980,pi,6.2800,6.2684,-0.1119,-0.1119
4.2029,pi,6.2800,6.2710,-0.1119,-0.1119
4.2080,pi,6.2800,6.2730,-0.1118,-0.1118
4.2129,pi,6.2800,6.2516,-0.1123,-0.1123
4.2180,pi,6.2800,6.2576,-0.1122,-0.1122
4.2229,pi,6.2800,6.2398,-0.1125,-0.1125
4.2280,pi,6.2800,6.2717,-0.1119,-0.1119
4.2329,pi,6.2800,6.2513,-0.1123,-0.1123
4.2380,pi,6.2800,6.2575,-0.1122,-0.1122
4.2429,pi,6.2800,6.2398,-0.1126,-0.1126
4.2479,pi,6.2800,6.2718,-0.1119,-0.1119
4.2534,pi,6.2800,6.2726,-0.1119,-0.1119
4.2580,pi,6.2800,6.2742,-0.1119,-0.1119
4.2633,pi,6.2800,6.2757,-0.1118,-0.1118
4.2679,pi,6.2800,6.2264,-0.1128,-0.1128
4.2729,pi,6.2800,6.2376,-0.1126,-0.1126
4.2779,pi,6.2800,6.2698,-0.1120,-0.1120
4.2829,pi,6.2800,6.2496,-0.1124,-0.1124
4.2879,pi,6.2800,6.2789,-0.1118,-0.1118
4.2929,pi,6.2800,6.2575,-0.1123,-0.1123
4.2979,pi,6.2800,6.2625,-0.1122,-0.1122
4.3029,pi,6.2800,6.2436,-0.1125,-0.1125
4.3079,pi,6.2800,6.2306,-0.1128,-0.1128
4.3129,pi,6.2800,6.2191,-0.1131,-0.1131
4.3179,pi,6.2800,6.2557,-0.1123,-0.1123
4.3229,pi,6.2800,6.2850,-0.1117,-0.1117
4.3279,pi,6.2800,6.3080,-0.1113,-0.1113
4.3329,pi,6.2800,6.2800,-0.1118,-0.1118
4.3379,pi,6.2800,6.3037,-0.1114,-0.1114
4.3429,pi,6.2800,6.2772,-0.1119,-0.1119
4.3479,pi,6.2800,6.2783,-0.1119,-0.1119
4.3529,pi,6.2800,6.2793,-0.1119,-0.1119
4.3579,pi,6.2800,6.3301,-0.1108,-0.1108
4.3629,pi,6.2800,6.3207,-0.1110,-0.1110
4.3679,pi,6.2800,6.3131,-0.1111,-0.1111
4.3729,pi,6.2800,6.3070,-0.1113,-0.1113
4.3779,pi,6.2800,6.3253,-0.1109,-0.1109
4.3830,pi,6.2800,6.3167,-0.1110,-0.1110
4.3879,pi,6.2800,6.3099,-0.1112,-0.1112
4.3930,pi,6.2800,6.3044,-0.1113,-0.1113
4.3979,pi,6.2800,6.3000,-0.1114,-0.1114
4.4029,pi,6.2800,6.2965,-0.1114,-0.1114
4.4079,pi,6.2800,6.2709,-0.1119,-0.1119
4.4130,pi,6.2800,6.2733,-0.1119,-0.1119
4.4179,pi,6.2800,6.2752,-0.1119,-0.1119
4.4230,pi,6.2800,6.2768,-0.1118,-0.1118
4.4279,pi,6.2800,6.2277,-0.1128,-0.1128
4.4330,pi,6.2800,6.2388,-0.1126,-0.1126
4.4379,pi,6.2800,6.1971,-0.1135,-0.1135
4.4429,pi,6.2800,6.2142,-0.1131,-0.1131
4.4479,pi,6.2800,6.1774,-0.1139,-0.1139
4.4529,pi,6.2800,6.1984,-0.1135,-0.1135
4.4579,pi,6.2800,6.2153,-0.1132,-0.1132
4.4629,pi,6.2800,6.2286,-0.1129,-0.1129
4.4679,pi,6.2800,6.1889,-0.1137,-0.1137
4.4729,pi,6.2800,6.2076,-0.1134,-0.1134
4.4779,pi,6.2800,6.2224,-0.1131,-0.1131
4.4829,pi,6.2800,6.2570,-0.1124,-0.1124
4.4882,pi,6.2800,6.2614,-0.1123,-0.1123
4.4937,pi,6.2800,6.2651,-0.1123,-0.1123
4.4981,pi,6.2800,6.3188,-0.1112,-0.1112
4.5029,pi,6.2800,6.3115,-0.1113,-0.1113
4.5078,pi,6.2800,6.2831,-0.1119,-0.1119
4.5129,pi,6.2800,6.3060,-0.1114,-0.1114
4.5180,pi,6.2800,6.3244,-0.1110,-0.1110
4.5229,pi,6.2800,6.3161,-0.1112,-0.1112
4.5279,pi,6.2800,6.3325,-0.1109,-0.1109
4.5329,pi,6.2800,6.3454,-0.1106,-0.1106
4.5379,pi,6.2800,6.3559,-0.1104,-0.1104
4.5429,pi,6.2800,6.3651,-0.1102,-0.1102
4.5479,pi,6.2800,6.3722,-0.1100,-0.1100
4.5529,pi,6.2800,6.3318,-0.1108,-0.1108
4.5579,pi,6.2800,6.3452,-0.1105,-0.1105
4.5635,pi,6.2800,6.3316,-0.1108,-0.1108
4.5688,pi,6.2800,6.3216,-0.1109,-0.1109
4.5732,pi,6.2800,6.3137,-0.1111,-0.1111
4.5779,pi,6.2800,6.3308,-0.1107,-0.1107
4.5829,pi,6.2800,6.2985,-0.1114,-0.1114
4.5879,pi,6.2800,6.2726,-0.1119,-0.1119
4.5930,pi,6.2800,6.2520,-0.1123,-0.1123
4.5979,pi,6.2800,6.2079,-0.1132,-0.1132
4.6029,pi,6.2800,6.2001,-0.1134,-0.1134
4.6080,pi,6.2800,6.1659,-0.1141,-0.1141
4.6129,pi,6.2800,6.1666,-0.1141,-0.1141
4.6179,pi,6.2800,6.2139,-0.1132,-0.1132
4.6230,pi,6.2800,6.2054,-0.1134,-0.1134
4.6280,pi,6.2800,6.1705,-0.1141,-0.1141
4.6329,pi,6.2800,6.1925,-0.1137,-0.1137
4.6380,pi,6.2800,6.2605,-0.1123,-0.1123
4.6429,pi,6.2800,6.2647,-0.1123,-0.1123
4.6479,pi,6.2800,6.3184,-0.1112,-0.1112
4.6529,pi,6.2800,6.3110,-0.1113,-0.1113
4.6580,pi,6.2800,6.3279,-0.1110,-0.1110
4.6630,pi,6.2800,6.3185,-0.1111,-0.1111
4.6679,pi,6.2800,6.3108,-0.1113,-0.1113
4.6729,pi,6.2800,6.3049,-0.1114,-0.1114
4.6779,pi,6.2800,6.3506,-0.1105,-0.1105
4.6829,pi,6.2800,6.3596,-0.1103,-0.1103
4.6880,pi,6.2800,6.3442,-0.1106,-0.1106
4.6929,pi,6.2800,6.3320,-0.1108,-0.1108
4.6979,pi,6.2800,6.3222,-0.1110,-0.1110
4.7029,pi,6.2800,6.2914,-0.1116,-0.1116
4.7079,pi,6.2800,6.3127,-0.1112,-0.1112
4.7129,pi,6.2800,6.2839,-0.1117,-0.1117
4.7179,pi,6.2800,6.3066,-0.1113,-0.1113
4.7229,pi,6.2800,6.3019,-0.1114,-0.1114
4.7279,pi,6.2800,6.2981,-0.1114,-0.1114
4.7329,pi,6.2800,6.2721,-0.1119,-0.1119
4.7380,pi,6.2800,6.2972,-0.1114,-0.1114
4.7430,pi,6.2800,6.2940,-0.1115,-0.1115
4.7479,pi,6.2800,6.2415,-0.1126,-0.1126
4.7529,pi,6.2800,6.2271,-0.1129,-0.1129
4.7580,pi,6.2800,6.2156,-0.1131,-0.1131
4.7629,pi,6.2800,6.2063,-0.1133,-0.1133
4.7680,pi,6.2800,6.1988,-0.1135,-0.1135
4.7729,pi,6.2800,6.1929,-0.1136,-0.1136
4.7780,pi,6.2800,6.2109,-0.1133,-0.1133
4.7830,pi,6.2800,6.2253,-0.1130,-0.1130
4.7880,pi,6.2800,6.1864,-0.1138,-0.1138
4.7929,pi,6.2800,6.1828,-0.1139,-0.1139
4.7979,pi,6.2800,6.1803,-0.1140,-0.1140
4.8030,pi,6.2800,6.2007,-0.1136,-0.1136
4.8080,pi,6.2800,6.2672,-0.1123,-0.1123
4.8129,pi,6.2800,6.2701,-0.1122,-0.1122
4.8179,pi,6.2800,6.2956,-0.1117,-0.1117
4.8229,pi,6.2800,6.3161,-0.1113,-0.1113
4.8280,pi,6.2800,6.3095,-0.1114,-0.1114
4.8329,pi,6.2800,6.3042,-0.1115,-0.1115
4.8379,pi,6.2800,6.3229,-0.1111,-0.1111
4.8430,pi,6.2800,6.3379,-0.1108,-0.1108
4.8479,pi,6.2800,6.3500,-0.1105,-0.1105
4.8530,pi,6.2800,6.3366,-0.1108,-0.1108
4.8579,pi,6.2800,6.3487,-0.1105,-0.1105
4.8630,pi,6.2800,6.3127,-0.1112,-0.1112
4.8679,pi,6.2800,6.3066,-0.1114,-0.1114
4.8730,pi,6.2800,6.3017,-0.1115,-0.1115
4.8779,pi,6.2800,6.3208,-0.1111,-0.1111
4.8830,pi,6.2800,6.3132,-0.1112,-0.1112
4.8879,pi,6.2800,6.3072,-0.1113,-0.1113
4.8929,pi,6.2800,6.2796,-0.1119,-0.1119
4.8979,pi,6.2800,6.3033,-0.1114,-0.1114
4.9030,pi,6.2800,6.2764,-0.1119,-0.1119
4.9080,pi,6.2800,6.3007,-0.1114,-0.1114
4.9129,pi,6.2800,6.2743,-0.1120,-0.1120
4.9179,pi,6.2800,6.2991,-0.1115,-0.1115
4.9229,pi,6.2800,6.2731,-0.1120,-0.1120
4.9279,pi,6.2800,6.2981,-0.1115,-0.1115
4.9329,pi,6.2800,6.2721,-0.1120,-0.1120
4.9379,pi,6.2800,6.2973,-0.1115,-0.1115
4.9429,pi,6.2800,6.2944,-0.1116,-0.1116
4.9479,pi,6.2800,6.2921,-0.1116,-0.1116
4.9529,pi,6.2800,6.2902,-0.1116,-0.1116
4.9579,pi,6.2800,6.2886,-0.1117,-0.1117
4.9628,pi,6.2800,6.2649,-0.1121,-0.1121
4.9679,pi,6.2800,6.2916,-0.1116,-0.1116
4.9729,pi,6.2800,6.2670,-0.1121,-0.1121
4.9779,pi,6.2800,6.2937,-0.1116,-0.1116
4.9829,pi,6.2800,6.2686,-0.1121,-0.1121
4.9879,pi,6.2800,6.2946,-0.1115,-0.1115
4.9930,pi,6.2800,6.3425,-0.1106,-0.1106
4.9979,pi,6.2800,6.3306,-0.1108,-0.1108
5.0031,pi,6.2800,6.2983,-0.1114,-0.1114
5.0079,pi,6.2800,6.3180,-0.1110,-0.1110
5.0130,pi,6.2800,6.3109,-0.1112,-0.1112
5.0179,pi,6.2800,6.3284,-0.1108,-0.1108
5.0229,pi,6.2800,6.2968,-0.1114,-0.1114
5.0279,pi,6.2800,6.3175,-0.1110,-0.1110
5.0329,pi,6.2800,6.2872,-0.1116,-0.1116
5.0379,pi,6.2800,6.3094,-0.1112,-0.1112
5.0429,pi,6.2800,6.2813,-0.1117,-0.1117
5.0480,pi,6.2800,6.2811,-0.1117,-0.1117
5.0529,pi,6.2800,6.2590,-0.1122,-0.1122
5.0579,pi,6.2800,6.2868,-0.1116,-0.1116
5.0629,pi,6.2800,6.2635,-0.1121,-0.1121
5.0680,pi,6.2800,6.2169,-0.1130,-0.1130
5.0729,pi,6.2800,6.2301,-0.1128,-0.1128
5.0779,pi,6.2800,6.1902,-0.1136,-0.1136
5.0829,pi,6.2800,6.1855,-0.1137,-0.1137
5.0880,pi,6.2800,6.1544,-0.1144,-0.1144
5.0930,pi,6.2800,6.1797,-0.1139,-0.1139
5.0980,pi,6.2800,6.2230,-0.1130,-0.1130
5.1030,pi,6.2800,6.2345,-0.1128,-0.1128
5.1085,pi,6.2800,6.1938,-0.1137,-0.1137
5.1132,pi,6.2800,6.2111,-0.1133,-0.1133
5.1179,pi,6.2800,6.2755,-0.1120,-0.1120
5.1228,pi,6.2800,6.3001,-0.1115,-0.1115
5.1279,pi,6.2800,6.3198,-0.1111,-0.1111
5.1331,pi,6.2800,6.3119,-0.1113,-0.1113
5.1379,pi,6.2800,6.3288,-0.1109,-0.1109
5.1429,pi,6.2800,6.3426,-0.1107,-0.1107
5.1479,pi,6.2800,6.3083,-0.1113,-0.1113
5.1530,pi,6.2800,6.2805,-0.1119,-0.1119
5.1579,pi,6.2800,6.3045,-0.1114,-0.1114
5.1629,pi,6.2800,6.3234,-0.1110,-0.1110
5.1679,pi,6.2800,6.3388,-0.1107,-0.1107
5.1730,pi,6.2800,6.3274,-0.1109,-0.1109
5.1782,pi,6.2800,6.3181,-0.1111,-0.1111
5.1829,pi,6.2800,6.2880,-0.1117,-0.1117
5.1879,pi,6.2800,6.2870,-0.1117,-0.1117
5.1929,pi,6.2800,6.2638,-0.1122,-0.1122
5.1979,pi,6.2800,6.2909,-0.1116,-0.1116
5.2029,pi,6.2800,6.3124,-0.1112,-0.1112
5.2080,pi,6.2800,6.3296,-0.1108,-0.1108
5.2130,pi,6.2800,6.2974,-0.1115,-0.1115
5.2183,pi,6.2800,6.2942,-0.1115,-0.1115
5.2239,pi,6.2800,6.2910,-0.1116,-0.1116
5.2292,pi,6.2800,6.2390,-0.1126,-0.1126
5.2343,pi,6.2800,6.2475,-0.1125,-0.1125
5.2380,pi,6.2800,6.2775,-0.1119,-0.1119
5.2429,pi,6.2800,6.2786,-0.1119,-0.1119
5.2478,pi,6.2800,6.3024,-0.1114,-0.1114
5.2530,pi,6.2800,6.2985,-0.1114,-0.1114
5.2579,pi,6.2800,6.2954,-0.1115,-0.1115
5.2630,pi,6.2800,6.2925,-0.1116,-0.1116
5.2679,pi,6.2800,6.2677,-0.1121,-0.1121
5.2730,pi,6.2800,6.2480,-0.1125,-0.1125
5.2782,pi,6.2800,6.2540,-0.1123,-0.1123
5.2830,pi,6.2800,6.2593,-0.1122,-0.1122
5.2879,pi,6.2800,6.2637,-0.1122,-0.1122
5.2930,pi,6.2800,6.2668,-0.1121,-0.1121
5.2979,pi,6.2800,6.2698,-0.1120,-0.1120
5.3030,pi,6.2800,6.2724,-0.1120,-0.1120
5.3080,pi,6.2800,6.2740,-0.1120,-0.1120
5.3131,pi,6.2800,6.2757,-0.1119,-0.1119
5.3179,pi,6.2800,6.3003,-0.1114,-0.1114
5.3229,pi,6.2800,6.3200,-0.1110,-0.1110
5.3279,pi,6.2800,6.3362,-0.1107,-0.1107
5.3330,pi,6.2800,6.3496,-0.1104,-0.1104
5.3379,pi,6.2800,6.3597,-0.1102,-0.1102
5.3430,pi,6.2800,6.3217,-0.1109,-0.1109
5.3479,pi,6.2800,6.3374,-0.1106,-0.1106
5.3530,pi,6.2800,6.3263,-0.1108,-0.1108
5.3579,pi,6.2800,6.3402,-0.1105,-0.1105
5.3630,pi,6.2800,6.3061,-0.1112,-0.1112
5.3680,pi,6.2800,6.3015,-0.1113,-0.1113
5.3730,pi,6.2800,6.2975,-0.1114,-0.1114
5.3779,pi,6.2800,6.2946,-0.1114,-0.1114
5.3829,pi,6.2800,6.2690,-0.1119,-0.1119
5.3879,pi,6.2800,6.2493,-0.1123,-0.1123
5.3929,pi,6.2800,6.2335,-0.1127,-0.1127
5.3979,pi,6.2800,6.2208,-0.1129,-0.1129
5.4029,pi,6.2800,6.2105,-0.1132,-0.1132
5.4083,pi,6.2800,6.1743,-0.1139,-0.1139
5.4131,pi,6.2800,6.1957,-0.1135,-0.1135
5.4181,pi,6.2800,6.1627,-0.1142,-0.1142
5.4229,pi,6.2800,6.1640,-0.1142,-0.1142
5.4279,pi,6.2800,6.1374,-0.1148,-0.1148
5.4329,pi,6.2800,6.1665,-0.1142,-0.1142
5.4379,pi,6.2800,6.1898,-0.1138,-0.1138
5.4429,pi,6.2800,6.2084,-0.1134,-0.1134
5.4479,pi,6.2800,6.2736,-0.1121,-0.1121
5.4529,pi,6.2800,6.2754,-0.1121,-0.1121
5.4579,pi,6.2800,6.2998,-0.1116,-0.1116
5.4629,pi,6.2800,6.3199,-0.1112,-0.1112
5.4679,pi,6.2800,6.3357,-0.1108,-0.1108
5.4729,pi,6.2800,6.3485,-0.1106,-0.1106
5.4779,pi,6.2800,6.3585,-0.1103,-0.1103
5.4829,pi,6.2800,6.3662,-0.1102,-0.1102
5.4879,pi,6.2800,6.3723,-0.1100,-0.1100
5.4930,pi,6.2800,6.3544,-0.1104,-0.1104
5.4979,pi,6.2800,6.3401,-0.1106,-0.1106
5.5030,pi,6.2800,6.3285,-0.1109,-0.1109
5.5079,pi,6.2800,6.3191,-0.1110,-0.1110
5.5129,pi,6.2800,6.3348,-0.1107,-0.1107
5.5179,pi,6.2800,6.3476,-0.1104,-0.1104
5.5230,pi,6.2800,6.3347,-0.1107,-0.1107
5.5280,pi,6.2800,6.3239,-0.1109,-0.1109
5.5333,pi,6.2800,6.3148,-0.1111,-0.1111
5.5389,pi,6.2800,6.3059,-0.1112,-0.1112
5.5431,pi,6.2800,6.3010,-0.1113,-0.1113
5.5480,pi,6.2800,6.2973,-0.1114,-0.1114
5.5530,pi,6.2800,6.2943,-0.1114,-0.1114
5.5579,pi,6.2800,6.3152,-0.1110,-0.1110
5.5630,pi,6.2800,6.2582,-0.1122,-0.1122
5.5679,pi,6.2800,6.2629,-0.1121,-0.1121
5.5729,pi,6.2800,6.2668,-0.1120,-0.1120
5.5779,pi,6.2800,6.2931,-0.1115,-0.1115
5.5830,pi,6.2800,6.2681,-0.1120,-0.1120
5.5879,pi,6.2800,6.2947,-0.1114,-0.1114
5.5930,pi,6.2800,6.2716,-0.1119,-0.1119
5.5979,pi,6.2800,6.2973,-0.1114,-0.1114
5.6029,pi,6.2800,6.2719,-0.1119,-0.1119
5.6079,pi,6.2800,6.2975,-0.1114,-0.1114
5.6129,pi,6.2800,6.3175,-0.1110,-0.1110
5.6179,pi,6.2800,6.3106,-0.1111,-0.1111
5.6229,pi,6.2800,6.3050,-0.1112,-0.1112
5.6280,pi,6.2800,6.3005,-0.1113,-0.1113
5.6329,pi,6.2800,6.3196,-0.1109,-0.1109
5.6380,pi,6.2800,6.3354,-0.1106,-0.1106
5.6429,pi,6.2800,6.3479,-0.1103,-0.1103
5.6480,pi,6.2800,6.3349,-0.1105,-0.1105
5.6529,pi,6.2800,6.3747,-0.1097,-0.1097
5.6580,pi,6.2800,6.3562,-0.1101,-0.1101
5.6631,pi,6.2800,6.3405,-0.1104,-0.1104
5.6685,pi,6.2800,6.3280,-0.1106,-0.1106
5.6732,pi,6.2800,6.3682,-0.1098,-0.1098
5.6785,pi,6.2800,6.3502,-0.1101,-0.1101
5.6831,pi,6.2800,6.3355,-0.1104,-0.1104
5.6882,pi,6.2800,6.3239,-0.1106,-0.1106
5.6932,pi,6.2800,6.3148,-0.1108,-0.1108
5.6980,pi,6.2800,6.3079,-0.1109,-0.1109
5.7031,pi,6.2800,6.2523,-0.1121,-0.1121
5.7080,pi,6.2800,6.2582,-0.1119,-0.1119
5.7131,pi,6.2800,6.2627,-0.1119,-0.1119
5.7180,pi,6.2800,6.2445,-0.1122,-0.1122
5.7230,pi,6.2800,6.2297,-0.1125,-0.1125
5.7280,pi,6.2800,6.2188,-0.1128,-0.1128
5.7331,pi,6.2800,6.1809,-0.1136,-0.1136
5.7380,pi,6.2800,6.1791,-0.1136,-0.1136
5.7431,pi,6.2800,6.1775,-0.1137,-0.1137
5.7488,pi,6.2800,6.1979,-0.1133,-0.1133
5.7533,pi,6.2800,6.2135,-0.1130,-0.1130
5.7586,pi,6.2800,6.2262,-0.1127,-0.1127
5.7635,pi,6.2800,6.1872,-0.1136,-0.1136
5.7685,pi,6.2800,6.2058,-0.1132,-0.1132
5.7735,pi,6.2800,6.2711,-0.1119,-0.1119
5.7786,pi,6.2800,6.2728,-0.1119,-0.1119
5.7835,pi,6.2800,6.2740,-0.1118,-0.1118
5.7891,pi,6.2800,6.2753,-0.1118,-0.1118
5.7936,pi,6.2800,6.3269,-0.1108,-0.1108
5.7985,pi,6.2800,6.3406,-0.1105,-0.1105
5.8035,pi,6.2800,6.3527,-0.1102,-0.1102
5.8085,pi,6.2800,6.3625,-0.1100,-0.1100
5.8132,pi,6.2800,6.3704,-0.1098,-0.1098
5.8180,pi,6.2800,6.3770,-0.1097,-0.1097
5.8229,pi,6.2800,6.3821,-0.1095,-0.1095
5.8279,pi,6.2800,6.3407,-0.1104,-0.1104
5.8329,pi,6.2800,6.3528,-0.1101,-0.1101
5.8379,pi,6.2800,6.3638,-0.1099,-0.1099
5.8429,pi,6.2800,6.3260,-0.1106,-0.1106
5.8479,pi,6.2800,6.2951,-0.1112,-0.1112
5.8530,pi,6.2800,6.2709,-0.1117,-0.1117
5.8579,pi,6.2800,6.2510,-0.1121,-0.1121
5.8629,pi,6.2800,6.2352,-0.1124,-0.1124
5.8680,pi,6.2800,6.1938,-0.1133,-0.1133
5.8730,pi,6.2800,6.1607,-0.1140,-0.1140
5.8779,pi,6.2800,6.1850,-0.1135,-0.1135
5.8829,pi,6.2800,6.1538,-0.1142,-0.1142
5.8879,pi,6.2800,6.1795,-0.1137,-0.1137
5.8930,pi,6.2800,6.2001,-0.1133,-0.1133
5.8979,pi,6.2800,6.2395,-0.1125,-0.1125
5.9029,pi,6.2800,6.2255,-0.1128,-0.1128
5.9079,pi,6.2800,6.2599,-0.1121,-0.1121
5.9130,pi,6.2800,6.2417,-0.1125,-0.1125
5.9179,pi,6.2800,6.2731,-0.1119,-0.1119
5.9229,pi,6.2800,6.2987,-0.1113,-0.1113
5.9279,pi,6.2800,6.3192,-0.1109,-0.1109
5.9329,pi,6.2800,6.2890,-0.1115,-0.1115
5.9379,pi,6.2800,6.3110,-0.1111,-0.1111
5.9429,pi,6.2800,6.2827,-0.1116,-0.1116
5.9479,pi,6.2800,6.3057,-0.1112,-0.1112
5.9530,pi,6.2800,6.3011,-0.1113,-0.1113
5.9579,pi,6.2800,6.2974,-0.1113,-0.1113
5.9629,pi,6.2800,6.2945,-0.1114,-0.1114
5.9680,pi,6.2800,6.2917,-0.1114,-0.1114
5.9729,pi,6.2800,6.2672,-0.1119,-0.1119
5.9780,pi,6.2800,6.2704,-0.1119,-0.1119
5.9830,pi,6.2800,6.2727,-0.1118,-0.1118
5.9878,pi,6.2800,6.2978,-0.1113,-0.1113
5.9930,pi,6.2800,6.2948,-0.1114,-0.1114
5.9980,pi,6.2800,6.2923,-0.1114,-0.1114
6.0032,pi,6.2800,6.2900,-0.1115,-0.1115
6.0080,pi,6.2800,6.2881,-0.1115,-0.1115
6.0129,pi,6.2800,6.2871,-0.1115,-0.1115
6.0179,pi,6.2800,6.3092,-0.1111,-0.1111
6.0229,pi,6.2800,6.3039,-0.1112,-0.1112
6.0279,pi,6.2800,6.2776,-0.1117,-0.1117
6.0329,pi,6.2800,6.2556,-0.1121,-0.1121
6.0380,pi,6.2800,6.2106,-0.1131,-0.1131
6.0429,pi,6.2800,6.2021,-0.1133,-0.1133
6.0479,pi,6.2800,6.1956,-0.1134,-0.1134
6.0529,pi,6.2800,6.1905,-0.1135,-0.1135
6.0579,pi,6.2800,6.1865,-0.1136,-0.1136
6.0629,pi,6.2800,6.1835,-0.1137,-0.1137
6.0679,pi,6.2800,6.1808,-0.1138,-0.1138
6.0729,pi,6.2800,6.1786,-0.1139,-0.1139
6.0780,pi,6.2800,6.1992,-0.1135,-0.1135
6.0829,pi,6.2800,6.2384,-0.1127,-0.1127
6.0880,pi,6.2800,6.2473,-0.1125,-0.1125
6.0929,pi,6.2800,6.2774,-0.1119,-0.1119
6.0980,pi,6.2800,6.3282,-0.1109,-0.1109
6.1029,pi,6.2800,6.3192,-0.1111,-0.1111
6.1080,pi,6.2800,6.3112,-0.1112,-0.1112
6.1132,pi,6.2800,6.3052,-0.1113,-0.1113
6.1182,pi,6.2800,6.3001,-0.1114,-0.1114
6.1229,pi,6.2800,6.2963,-0.1115,-0.1115
6.1280,pi,6.2800,6.2936,-0.1116,-0.1116
6.1330,pi,6.2800,6.2913,-0.1116,-0.1116
6.1379,pi,6.2800,6.3398,-0.1106,-0.1106
6.1429,pi,6.2800,6.3284,-0.1108,-0.1108
6.1479,pi,6.2800,6.2961,-0.1115,-0.1115
6.1530,pi,6.2800,6.2931,-0.1115,-0.1115
6.1580,pi,6.2800,6.2675,-0.1120,-0.1120
6.1629,pi,6.2800,6.2941,-0.1115,-0.1115
6.1679,pi,6.2800,6.2696,-0.1120,-0.1120
6.1730,pi,6.2800,6.2957,-0.1115,-0.1115
6.1780,pi,6.2800,6.2712,-0.1120,-0.1120
6.1830,pi,6.2800,6.2735,-0.1119,-0.1119
6.1883,pi,6.2800,6.2249,-0.1129,-0.1129
6.1931,pi,6.2800,6.1854,-0.1137,-0.1137
6.1979,pi,6.2800,6.2048,-0.1134,-0.1134
6.2028,pi,6.2800,6.2435,-0.1126,-0.1126
6.2079,pi,6.2800,6.2288,-0.1129,-0.1129
6.2134,pi,6.2800,6.1872,-0.1138,-0.1138
6.2183,pi,6.2800,6.2056,-0.1134,-0.1134
6.2232,pi,6.2800,6.2205,-0.1131,-0.1131
6.2279,pi,6.2800,6.2110,-0.1133,-0.1133
6.2329,pi,6.2800,6.2022,-0.1135,-0.1135
6.2379,pi,6.2800,6.1961,-0.1137,-0.1137
6.2430,pi,6.2800,6.2366,-0.1129,-0.1129
6.2479,pi,6.2800,6.2694,-0.1122,-0.1122
6.2530,pi,6.2800,6.2715,-0.1122,-0.1122
6.2580,pi,6.2800,6.2735,-0.1121,-0.1121
6.2629,pi,6.2800,6.2981,-0.1116,-0.1116
6.2679,pi,6.2800,6.3197,-0.1112,-0.1112
6.2730,pi,6.2800,6.2898,-0.1118,-0.1118
6.2780,pi,6.2800,6.2882,-0.1118,-0.1118
6.2829,pi,6.2800,6.3375,-0.1108,-0.1108
6.2880,pi,6.2800,6.3261,-0.1110,-0.1110
6.2929,pi,6.2800,6.3400,-0.1107,-0.1107
6.2979,pi,6.2800,6.3061,-0.1114,-0.1114
6.3033,pi,6.2800,6.3240,-0.1110,-0.1110
6.3080,pi,6.2800,6.3158,-0.1112,-0.1112
6.3133,pi,6.2800,6.3087,-0.1113,-0.1113
6.3180,pi,6.2800,6.3030,-0.1114,-0.1114
6.3229,pi,6.2800,6.3217,-0.1111,-0.1111
6.3279,pi,6.2800,6.3376,-0.1107,-0.1107
6.3330,pi,6.2800,6.3492,-0.1105,-0.1105
6.3379,pi,6.2800,6.3132,-0.1112,-0.1112
6.3430,pi,6.2800,6.2848,-0.1118,-0.1118
6.3479,pi,6.2800,6.2619,-0.1122,-0.1122
6.3529,pi,6.2800,6.2434,-0.1126,-0.1126
6.3579,pi,6.2800,6.2288,-0.1129,-0.1129
6.3629,pi,6.2800,6.2173,-0.1131,-0.1131
6.3679,pi,6.2800,6.2086,-0.1133,-0.1133
6.3729,pi,6.2800,6.2014,-0.1135,-0.1135
6.3780,pi,6.2800,6.2175,-0.1132,-0.1132
6.3829,pi,6.2800,6.1801,-0.1140,-0.1140
6.3879,pi,6.2800,6.1779,-0.1140,-0.1140
6.3929,pi,6.2800,6.1762,-0.1141,-0.1141
6.3979,pi,6.2800,6.2206,-0.1132,-0.1132
6.4029,pi,6.2800,6.2331,-0.1130,-0.1130
6.4079,pi,6.2800,6.2658,-0.1123,-0.1123
6.4129,pi,6.2800,6.2467,-0.1127,-0.1127
6.4179,pi,6.2800,6.2770,-0.1121,-0.1121
6.4229,pi,6.2800,6.3012,-0.1116,-0.1116
6.4279,pi,6.2800,6.3207,-0.1112,-0.1112
6.4329,pi,6.2800,6.2900,-0.1118,-0.1118
6.4380,pi,6.2800,6.2887,-0.1119,-0.1119
6.4429,pi,6.2800,6.3105,-0.1114,-0.1114
6.4479,pi,6.2800,6.3050,-0.1115,-0.1115
6.4536,pi,6.2800,6.3505,-0.1106,-0.1106
6.4591,pi,6.2800,6.3339,-0.1109,-0.1109
6.4638,pi,6.2800,6.3713,-0.1102,-0.1102
6.4686,pi,6.2800,6.3518,-0.1105,-0.1105
6.4746,pi,6.2800,6.3347,-0.1109,-0.1109
6.4814,pi,6.2800,6.3194,-0.1111,-0.1111
6.4869,pi,6.2800,6.3581,-0.1104,-0.1104
6.4928,pi,6.2800,6.3266,-0.1110,-0.1110
6.4981,pi,6.2800,6.3147,-0.1112,-0.1112
6.5035,pi,6.2800,6.2073,-0.1134,-0.1134
6.5085,pi,6.2800,6.1217,-0.1151,-0.1151
6.5153,pi,6.2800,6.0373,-0.1169,-0.1169
6.5215,pi,6.2800,5.9341,-0.1190,-0.1190
6.5264,pi,6.2800,5.9005,-0.1198,-0.1198
6.5314,pi,6.2800,5.9087,-0.1197,-0.1197
6.5363,pi,6.2800,5.8821,-0.1203,-0.1203
6.5417,pi,6.2800,5.8402,-0.1213,-0.1213
6.5463,pi,6.2800,5.8182,-0.1218,-0.1218
6.5510,pi,6.2800,5.8104,-0.1221,-0.1221
6.5571,pi,6.2800,5.7931,-0.1226,-0.1226
6.5637,pi,6.2800,5.9144,-0.1203,-0.1203
6.5693,pi,6.2800,5.9888,-0.1188,-0.1188
6.5770,pi,6.2800,6.0984,-0.1167,-0.1167
6.5820,pi,6.2800,6.2043,-0.1146,-0.1146
6.5872,pi,6.2800,6.2698,-0.1133,-0.1133
6.5938,pi,6.2800,6.3200,-0.1123,-0.1123
6.6014,pi,6.2800,6.2932,-0.1128,-0.1128
6.6073,pi,6.2800,6.2882,-0.1129,-0.1129
6.6123,pi,6.2800,6.2369,-0.1139,-0.1139
6.6173,pi,6.2800,6.2287,-0.1141,-0.1141
6.6215,pi,6.2800,6.2058,-0.1146,-0.1146
6.6256,pi,6.2800,6.1977,-0.1148,-0.1148
6.6297,pi,6.2800,6.1932,-0.1149,-0.1149
6.6338,pi,6.2800,6.1905,-0.1150,-0.1150
6.6378,pi,6.2800,6.1874,-0.1150,-0.1150
6.6417,pi,6.2800,6.1401,-0.1160,-0.1160
6.6459,pi,6.2800,6.1547,-0.1158,-0.1158
6.6500,pi,6.2800,6.2511,-0.1138,-0.1138
6.6546,pi,6.2800,6.2855,-0.1132,-0.1132
6.6596,pi,6.2800,6.3578,-0.1117,-0.1117
6.6639,pi,6.2800,6.3823,-0.1112,-0.1112
6.6687,pi,6.2800,6.4334,-0.1101,-0.1101
6.6735,pi,6.2800,6.4277,-0.1102,-0.1102
6.6778,pi,6.2800,6.4682,-0.1093,-0.1093
6.6819,pi,6.2800,6.4309,-0.1100,-0.1100
6.6857,pi,6.2800,6.4511,-0.1096,-0.1096
6.6896,pi,6.2800,6.4168,-0.1102,-0.1102
6.6935,pi,6.2800,6.4128,-0.1103,-0.1103
6.6973,pi,6.2800,6.3647,-0.1112,-0.1112
6.7011,pi,6.2800,6.3481,-0.1115,-0.1115
6.7049,pi,6.2800,6.3124,-0.1123,-0.1123
6.7088,pi,6.2800,6.3312,-0.1119,-0.1119
6.7131,pi,6.2800,6.2997,-0.1125,-0.1125
6.7179,pi,6.2800,6.3196,-0.1121,-0.1121
6.7229,pi,6.2800,6.2901,-0.1127,-0.1127
6.7279,pi,6.2800,6.3129,-0.1122,-0.1122
6.7329,pi,6.2800,6.2841,-0.1128,-0.1128
6.7379,pi,6.2800,6.3074,-0.1123,-0.1123
6.7430,pi,6.2800,6.3024,-0.1124,-0.1124
6.7479,pi,6.2800,6.3214,-0.1120,-0.1120
6.7529,pi,6.2800,6.3370,-0.1117,-0.1117
6.7583,pi,6.2800,6.3245,-0.1119,-0.1119
6.7635,pi,6.2800,6.3657,-0.1111,-0.1111
6.7681,pi,6.2800,6.3488,-0.1114,-0.1114
6.7731,pi,6.2800,6.3854,-0.1106,-0.1106
6.7780,pi,6.2800,6.3645,-0.1110,-0.1110
6.7829,pi,6.2800,6.3480,-0.1114,-0.1114
6.7879,pi,6.2800,6.3578,-0.1111,-0.1111
6.7929,pi,6.2800,6.3201,-0.1119,-0.1119
6.7979,pi,6.2800,6.3125,-0.1120,-0.1120
6.8029,pi,6.2800,6.2560,-0.1132,-0.1132
6.8079,pi,6.2800,6.2384,-0.1135,-0.1135
6.8132,pi,6.2800,6.2254,-0.1138,-0.1138
6.8190,pi,6.2800,6.2357,-0.1136,-0.1136
6.8240,pi,6.2800,6.1939,-0.1145,-0.1145
6.8289,pi,6.2800,6.2114,-0.1141,-0.1141
6.8335,pi,6.2800,6.2247,-0.1139,-0.1139
6.8395,pi,6.2800,6.2356,-0.1137,-0.1137
6.8440,pi,6.2800,6.2439,-0.1135,-0.1135
6.8484,pi,6.2800,6.2505,-0.1134,-0.1134
6.8537,pi,6.2800,6.3060,-0.1123,-0.1123
6.8582,pi,6.2800,6.3003,-0.1124,-0.1124
6.8633,pi,6.2800,6.2960,-0.1125,-0.1125
6.8682,pi,6.2800,6.3157,-0.1121,-0.1121
6.8733,pi,6.2800,6.3593,-0.1112,-0.1112
6.8779,pi,6.2800,6.3681,-0.1110,-0.1110
6.8829,pi,6.2800,6.3740,-0.1108,-0.1108
6.8880,pi,6.2800,6.3550,-0.1112,-0.1112
6.8929,pi,6.2800,6.3644,-0.1110,-0.1110
6.8980,pi,6.2800,6.3716,-0.1108,-0.1108
6.9029,pi,6.2800,6.3781,-0.1107,-0.1107
6.9080,pi,6.2800,6.3373,-0.1115,-0.1115
6.9130,pi,6.2800,6.3502,-0.1112,-0.1112
6.9181,pi,6.2800,6.3356,-0.1115,-0.1115
6.9232,pi,6.2800,6.3478,-0.1112,-0.1112
6.9286,pi,6.2800,6.3845,-0.1104,-0.1104
6.9329,pi,6.2800,6.3641,-0.1108,-0.1108
6.9379,pi,6.2800,6.3252,-0.1116,-0.1116
6.9430,pi,6.2800,6.3163,-0.1118,-0.1118
6.9480,pi,6.2800,6.2863,-0.1124,-0.1124
6.9529,pi,6.2800,6.2853,-0.1124,-0.1124
6.9580,pi,6.2800,6.2847,-0.1124,-0.1124
6.9630,pi,6.2800,6.2841,-0.1124,-0.1124
6.9679,pi,6.2800,6.2611,-0.1129,-0.1129
6.9729,pi,6.2800,6.2901,-0.1123,-0.1123
6.9780,pi,6.2800,6.2662,-0.1128,-0.1128
6.9829,pi,6.2800,6.2472,-0.1132,-0.1132
6.9883,pi,6.2800,6.2541,-0.1130,-0.1130
6.9946,pi,6.2800,6.2568,-0.1130,-0.1130
6.9996,pi,6.2800,6.2605,-0.1129,-0.1129
7.0049,pi,6.2800,6.2640,-0.1128,-0.1128
7.0109,pi,6.2800,6.2655,-0.1128,-0.1128
7.0179,pi,6.2800,6.2658,-0.1128,-0.1128
7.0231,pi,6.2800,6.2656,-0.1128,-0.1128
7.0284,pi,6.2800,6.2671,-0.1128,-0.1128
7.0332,pi,6.2800,6.2671,-0.1128,-0.1128
7.0371,pi,6.2800,6.2692,-0.1128,-0.1128
7.0410,pi,6.2800,6.2715,-0.1127,-0.1127
7.0452,pi,6.2800,6.2968,-0.1122,-0.1122
7.0492,pi,6.2800,6.2741,-0.1127,-0.1127
7.0531,pi,6.2800,6.3003,-0.1121,-0.1121
7.0580,pi,6.2800,6.2744,-0.1126,-0.1126
7.0629,pi,6.2800,6.3013,-0.1121,-0.1121
7.0679,pi,6.2800,6.2780,-0.1126,-0.1126
7.0729,pi,6.2800,6.3054,-0.1120,-0.1120
7.0779,pi,6.2800,6.2803,-0.1125,-0.1125
